,playerID,yearID,salary,predicted
0,abadfe01,2012,485000,1734354.554583374
1,abreubo01,2012,9000000,3313976.003401935
2,aceveal01,2012,1200000,334414.5439071255
3,ackledu01,2012,2100000,8841158.64230567
4,acostma01,2012,875000,1373596.877386995
5,adamsmi03,2012,4400000,680808.655067082
6,affelje01,2012,5000000,449527.23531674314
7,alberma01,2012,1075000,1590093.1968619674
8,allenbr01,2012,482500,3193617.318274978
9,alonsyo01,2012,1400000,5470554.518485269
10,altuvjo01,2012,483000,1018054.7709851125
11,alvarhe01,2012,482900,1968671.1779287094
12,alvarpe01,2012,2200000,5844933.974423261
13,amarial01,2012,481000,3357097.0767229786
14,andinro01,2012,1300000,2148351.3748189462
15,andruel01,2012,2625000,3119153.1508341795
16,ankieri01,2012,1250000,377888.76572312973
17,aokino01,2012,1000000,2978350.4607287855
18,arencjp01,2012,489600,5094572.706286285
19,arredjo01,2012,800000,464312.33559210924
20,arrieja01,2012,488500,2311468.9612352587
21,arroybr01,2012,8166666,2522428.400026342
22,atchisc01,2012,510000,1503494.6690719784
23,avilaal01,2012,510000,4705492.332970254
24,avilemi01,2012,1200000,4581403.364974899
25,axforjo01,2012,525000,63503.56654894911
26,ayalalu01,2012,825000,464312.33559210924
27,aybarer01,2012,5075000,3522834.966375862
28,badenbu01,2012,1075000,453196.9416039004
29,baileho02,2012,2425000,2758211.5805882914
30,bakerje03,2012,1375000,2542743.937670936
31,bakerjo01,2012,750000,3636104.0869167424
32,balfogr01,2012,4000000,63503.56654894911
33,barajro01,2012,4000000,4678106.170019144
34,bardda01,2012,1612500,2603375.0360782617
35,barmecl01,2012,5000000,3084765.182917231
36,barneda01,2012,500000,6980620.523033312
37,bartlja01,2012,5500000,3398071.569015303
38,bartoda02,2012,1100000,2744606.712854774
39,bassan01,2012,485300,2767254.021942202
40,bastaan01,2012,505000,507611.5994871035
41,batismi01,2012,750000,2064590.48299625
42,bautijo02,2012,14000000,8888165.42582333
43,baxtemi01,2012,480000,784309.8790540313
44,bayja01,2012,18125000,3946469.1203373205
45,beachbr01,2012,495000,3079171.207958514
46,beatope01,2012,487500,3018968.905396788
47,beavabl01,2012,486500,2242619.556921227
48,beckejo02,2012,17000000,2370114.4496640298
49,beckhgo01,2012,520000,6170040.575909493
50,bedarer01,2012,4500000,2788999.8927672943
51,belisma01,2012,3775000,-95964.42568676686
52,belisro01,2012,480000,377713.8078021202
53,bellhe01,2012,7000000,161217.48832714744
54,belowdu01,2012,482000,2181497.7911165254
55,beltbr01,2012,481000,1950193.808083407
56,beltrad01,2012,15000000,8773660.600571215
57,beltrca01,2012,13000000,8513104.628984643
58,benoijo01,2012,5500000,161217.48832714744
59,berkmla01,2012,12000000,3316477.938336509
60,bernaro01,2012,493500,560757.0408222247
61,betanra01,2012,4000000,724107.9189620763
62,betemwi01,2012,1250000,2828254.903898455
63,billich01,2012,9000000,2382598.33121519
64,blackch02,2012,480000,2308048.2042418006
65,blackni01,2012,4750000,2516776.5082882727
66,blancgr01,2012,516000,1742071.7125896348
67,blanche01,2012,1250000,3577365.25289833
68,blankky01,2012,492400,3168135.659896943
69,blantjo01,2012,10500000,2711241.3145026583
70,blevije01,2012,490000,594210.127277093
71,bloomwi01,2012,1900000,-914556.8109217742
72,blumge01,2012,1350000,2926658.9500175896
73,boescbr01,2012,502500,4170391.6375849554
74,boggsmi01,2012,506000,-55278.831147825345
75,bogusbr01,2012,483000,1632903.8093080022
76,bonifem01,2012,2200000,3370845.4567471724
77,bourjpe01,2012,500000,2209788.1322585586
78,bournmi01,2012,6845000,677788.9167104652
79,brantmi02,2012,495300,4079265.8134469176
80,braunry02,2012,7111111,7547054.558336975
81,braybi01,2012,1417500,2715874.058131826
82,breslcr01,2012,1795000,1596376.572505178
83,brignre01,2012,490600,3083535.799967263
84,brothre01,2012,480000,81326.06845865585
85,bruceja01,2012,5041666,6780258.058427015
86,buchhcl01,2012,3750000,2112721.7652362436
87,buckjo01,2012,6500000,4928820.418578316
88,bucktr01,2012,580000,2724929.768736211
89,buehrma01,2012,7000000,2818721.21848604
90,bumgama01,2012,560000,2966587.5445496165
91,burneaj01,2012,16500000,2545397.1073197196
92,burneal01,2012,490000,421013.0716971145
93,burnese01,2012,2350000,313419.4464222989
94,burriem01,2012,625000,2486255.5987333665
95,burrose01,2012,525000,3148900.3904867973
96,burtoja01,2012,750000,550910.8633820983
97,byrdati01,2012,1000000,897304.9745420548
98,byrdma01,2012,6500000,3375235.441390805
99,cabreas01,2012,4550000,5871531.707559936
100,cabreme01,2012,6000000,3721414.350082013
101,cabremi01,2012,21000000,13197973.587761838
102,cahiltr01,2012,3700000,3031381.1789052244
103,cainma01,2012,15333333,2778726.2730498035
104,cairomi01,2012,1000000,2600841.822289841
105,callaal01,2012,3150000,6781772.727448468
106,campato01,2012,483000,1505036.274651655
107,campsh01,2012,550000,-141877.35893781483
108,canoro01,2012,14000000,8663014.327306021
109,cappsma01,2012,4500000,2023085.835811913
110,capuach01,2012,3000000,2592288.944673162
111,carpech01,2012,8500000,3217644.921001398
112,carpeda01,2012,485000,1970467.9926787112
113,carpema01,2012,480000,2096462.3222713391
114,carpmi01,2012,488800,3914817.69786273
115,carradj01,2012,1200000,3148866.6970817717
116,carrejo01,2012,481700,2874286.013436438
117,carrobr01,2012,580000,3319260.9363384806
118,carroja01,2012,2750000,5403697.657697758
119,cashnan01,2012,486100,1969485.3341813579
120,casilal01,2012,1382500,3375572.442209462
121,castile01,2012,480000,2759173.3220268204
122,castrja01,2012,486000,3164838.842530384
123,castrst01,2012,567000,805366.7142258314
124,cedenro02,2012,1150000,2307602.7653940525
125,cespeyo01,2012,9000000,5461043.296254184
126,chacijh01,2012,482000,3275870.6904302416
127,chambjo03,2012,1675000,2369479.9469718696
128,chapmar01,2012,4835772,377713.8078021202
129,chatwty01,2012,480000,2676761.9466210324
130,chaveen01,2012,1500000,3135741.219582387
131,chaveer01,2012,900000,3303722.2192049534
132,chenwe02,2012,3072000,1971708.5795630508
133,choatra01,2012,1500000,1416896.1412819894
134,choosh01,2012,4900000,2683674.240491269
135,cishest01,2012,480000,406227.97142174887
136,clevest01,2012,480500,3335125.2892022654
137,clippty01,2012,1650000,117918.2244321527
138,coffeto01,2012,1000000,2326180.683076875
139,coghlch01,2012,500000,3710150.4059700617
140,cokeph01,2012,1100000,464312.33559210924
141,collmjo01,2012,486000,2747015.7772350996
142,colonba01,2012,2000000,2278049.4008368817
143,colvity01,2012,481000,975213.6213568486
144,constjo01,2012,480000,2347705.1101874616
145,contrjo01,2012,2500000,2585976.2664468423
146,cookry01,2012,480000,247816.01611713646
147,cordefr01,2012,4500000,1546793.932966973
148,correke01,2012,4000000,2008231.6795823076
149,cowgico01,2012,482500,1570558.0769141507
150,cozarza01,2012,480000,4012873.367398408
151,craigal01,2012,495000,7690288.908582155
152,crainje01,2012,4500000,1113801.2940170276
153,crawfbr01,2012,481000,2132032.714135234
154,crawfca02,2012,20357142,4046360.915218401
155,crispco01,2012,6000000,5545246.444844952
156,cruzju02,2012,1250000,1460195.405176984
157,cruzne02,2012,6250000,5871374.316756899
158,cruzrh01,2012,480000,1059386.636133824
159,cruzto03,2012,481000,1982571.3194702207
160,cuddymi01,2012,10500000,4278541.948365633
161,cuetojo01,2012,5400000,3271422.6741729327
162,cunniaa01,2012,482300,612820.799213245
163,danksjo01,2012,2000000,3017912.8684656844
164,darviyu01,2012,5500000,2045951.1264804916
165,davisch02,2012,488000,5170466.3877742775
166,davisik02,2012,506690,7106572.65820742
167,davisra01,2012,2750000,-367405.2513643089
168,daviswa01,2012,1500000,934955.3654859993
169,deazaal01,2012,495000,1324936.7761801844
170,defraju01,2012,480000,2759173.3220268204
171,dejesda01,2012,4250000,1864483.21773278
172,dejesiv02,2012,480500,2433765.6199558917
173,delabst01,2012,480700,1849888.780231935
174,delarjo01,2012,10500000,3248081.088753095
175,delarru01,2012,482500,3278764.488766755
176,delgara01,2012,480000,2908262.7675106083
177,dempsry01,2012,14000000,2918295.859463815
178,denorch01,2012,1165000,1063218.8949830881
179,derosma01,2012,800000,3257646.942601762
180,descada01,2012,495000,1134943.0903978655
181,desmoia01,2012,512500,3483998.1865566247
182,detwiro01,2012,485000,2366566.861027727
183,diazma02,2012,2125000,3240344.6094032917
184,dickera01,2012,4750000,3367244.169446181
185,dillati01,2012,482000,1849888.780231935
186,dirksan01,2012,485000,3887034.0443901466
187,dobbsgr01,2012,1400000,1775781.5902621276
188,dolisra01,2012,480500,1849888.780231935
189,donalja01,2012,484000,3433577.6472620126
190,donaljo02,2012,480000,4393378.635759524
191,doteloc01,2012,3000000,854005.7106470601
192,doubrfe01,2012,484000,2123837.1592244525
193,doumiry01,2012,3000000,5236135.896439246
194,downsma01,2012,487500,580840.8042510254
195,downssc01,2012,5000000,854005.7106470601
196,drabeky01,2012,485900,2776572.09165824
197,drewst01,2012,7750000,3647145.514357002
198,dudalu01,2012,497318,5105869.318749056
199,duensbr01,2012,515000,929488.8444488402
200,duncash01,2012,500000,3901455.021412109
201,dunnad01,2012,14000000,8671414.7875567
202,dunnmi01,2012,480000,752622.082581705
203,durbich01,2012,900000,31319.696642163675
204,elbersc01,2012,488500,1460195.405176984
205,ellisaj01,2012,490000,5160788.607549216
206,ellisma01,2012,2500000,6439013.816898227
207,ellsbja01,2012,8050000,4845093.121396719
208,encared01,2012,3500000,11525740.391430145
209,escobed01,2012,480000,3179030.890217523
210,escobyu01,2012,5000000,7271140.667019104
211,espinda01,2012,506000,1525385.2598796105
212,estrama01,2012,486000,2413499.226748027
213,ethiean01,2012,10950000,7010031.52613808
214,feldmsc01,2012,6500000,2149441.308631151
215,felizne01,2012,502000,2993068.411133213
216,fieldpr01,2012,23000000,10905686.608185468
217,figgich01,2012,9500000,2650778.531862746
218,fistedo01,2012,507500,2213681.6610233104
219,flahery01,2012,480000,2467252.414612661
220,floreje02,2012,815000,3181749.692989057
221,flowety01,2012,483000,2259238.0090384474
222,floydga01,2012,7000000,2094899.2633265362
223,forsylo01,2012,481400,3572631.6274697743
224,fowlede01,2012,2350000,729523.4968374926
225,francbe01,2012,1537500,1956977.8279691227
226,francfr01,2012,5500000,1243699.0857020111
227,francju02,2012,480000,1530328.918046543
228,frasoja01,2012,3750000,1157100.5579120219
229,freemfr01,2012,535000,9026327.702678889
230,freesda01,2012,508000,5290079.694103964
231,frierer01,2012,489100,2845771.8498168094
232,fuentbr01,2012,5000000,2196282.891391891
233,fukudko01,2012,500000,2565978.3554870063
234,fuldsa01,2012,489400,2226406.228018405
235,furcara01,2012,6500000,7414440.874784124
236,gallayo01,2012,5750000,3011552.007722502
237,galvifr01,2012,480000,3946256.846295431
238,gamelma01,2012,481000,3465016.909487224
239,garcija01,2012,2200000,226451.19534168392
240,garcija02,2012,3375000,2897320.921155598
241,gardnbr01,2012,2800000,2570188.7986905333
242,garzama01,2012,9500000,2388378.9911658056
243,gaudich01,2012,600000,1399892.692017678
244,geedi01,2012,502000,3238758.268125114
245,gentrcr01,2012,484300,-1122910.9870453775
246,giambja01,2012,1000000,2192198.4354332425
247,goldspa01,2012,482000,4888809.291558027
248,gomesjo01,2012,1000000,4179210.876488651
249,gomezca01,2012,1962500,2778131.7705867486
250,gomezje01,2012,482700,2464158.665155071
251,gonzaad01,2012,21857142,7410354.283177879
252,gonzaal02,2012,3500000,3607049.791353184
253,gonzaal03,2012,750000,3100141.1203584997
254,gonzaca01,2012,5428571,6714259.909003692
255,gonzagi01,2012,3350000,2884688.1479241294
256,gonzama01,2012,480000,1996312.7465398782
257,gordode01,2012,485000,983557.6783539234
258,gorzeto01,2012,3000000,1480330.3351931204
259,grandcu01,2012,10000000,8378803.140812535
260,grayje02,2012,485000,1200399.8218070166
261,greenty02,2012,483000,1202568.4918355946
262,gregelu01,2012,1550000,-23094.961241039913
263,greggke01,2012,5200000,1590093.1968619674
264,greinza01,2012,13500000,2531900.6100432044
265,grillja01,2012,1100000,550910.8633820983
266,guerrja01,2012,488000,1373596.877386995
267,guerrma02,2012,4711499,2629275.5303418366
268,guthrje01,2012,8200000,2729172.58123046
269,gutiefr01,2012,5812500,3275201.43348916
270,guzmaje01,2012,486600,2365239.8845353695
271,gwynnto02,2012,850000,681796.5506721786
272,hafnetr01,2012,13000000,4734816.204873658
273,haguema01,2012,480000,3287578.908347879
274,hairsje02,2012,2250000,3107612.337080321
275,hairssc01,2012,1100000,2863587.7331542796
276,hallaro01,2012,20000000,2723759.466924706
277,hamelco01,2012,15000000,2348327.899089234
278,hamiljo03,2012,15250000,9153564.757649448
279,hammeja01,2012,4750000,2538060.144110609
280,hanigry01,2012,1300000,5148748.076345969
281,hannaja01,2012,1135000,2157098.6463169483
282,hanrajo01,2012,4100000,594210.127277093
283,hansoto01,2012,535000,2455734.2463656235
284,happja01,2012,2350000,2902754.376515673
285,haranaa01,2012,4000000,2770644.637818165
286,hardyjj01,2012,7416666,9959942.92683124
287,harenda01,2012,12750000,2101397.798873506
288,harrelu01,2012,482000,2210105.6422730293
289,harrijo05,2012,484000,1144748.3804578753
290,harrima01,2012,2950000,1974745.9811973919
291,harriwi01,2012,800000,2786410.5997001184
292,hartco01,2012,9333333,6220416.367244223
293,hawkila01,2012,3000000,1243699.0857020111
294,hayesbr01,2012,480000,2190830.827940481
295,headlch01,2012,3475000,7389699.928280595
296,heisech01,2012,495000,897170.5059492094
297,hellije01,2012,489500,2037238.6314344632
298,heltoto01,2012,6075000,5422533.364377089
299,hendrli01,2012,480000,2603375.0360782617
300,henslcl01,2012,750000,752622.082581705
301,hermije01,2012,800000,2958030.721276646
302,hernada01,2012,499000,166684.00936430646
303,hernafe02,2012,19700000,1962788.5657510473
304,hernali01,2012,750000,2593495.332581644
305,hernara02,2012,3200000,4489345.517674869
306,herndda01,2012,495000,3094452.039198568
307,herrejo03,2012,482000,3178974.219055612
308,heywaja01,2012,565000,3373573.9881078806
309,hillaa01,2012,5500000,5899782.404551208
310,hillri01,2012,725000,2239582.155286886
311,hinsker01,2012,1600000,1074077.2012476241
312,hollade01,2012,1000000,2083783.869338327
313,hollima01,2012,16292362,7141427.68873455
314,howarry01,2012,20000000,6006204.830746483
315,howeljp01,2012,1350000,940604.2384370491
316,hudsoda01,2012,504000,3017663.9774458846
317,hudsoor01,2012,5500000,2369085.9390371367
318,hudsoti01,2012,9000000,2676306.3081269264
319,huffau01,2012,10000000,2930273.2083046422
320,hugheja02,2012,481000,453196.9416039004
321,hughelu01,2012,485000,3212236.5178254806
322,hugheph01,2012,3200000,1953886.0776533433
323,humbeph01,2012,530000,2278915.368037847
324,hundlni01,2012,2000000,3157434.279544756
325,hunteto01,2012,18500000,7250762.169915905
326,hunteto02,2012,493500,1910586.8137583488
327,iannech01,2012,3550000,2553716.1496154782
328,ibanera01,2012,1100000,6593161.904606439
329,infanom01,2012,4000000,4203832.38015277
330,ingebr01,2012,5500000,3313744.618362444
331,ishiktr01,2012,525000,2394435.416715808
332,isrinja01,2012,650000,1157100.5579120219
333,iwakuhi01,2012,1500000,2023085.835811913
334,izturce01,2012,875000,2734857.437412929
335,izturma01,2012,3966666,4366289.615401753
336,jacksau01,2012,500000,2111823.130582343
337,jacksed01,2012,10957715,2462063.1190365623
338,janseke01,2012,491000,507611.5994871035
339,janssca01,2012,2000000,637509.3911720873
340,jasojo01,2012,495200,5133148.86738619
341,jayjo02,2012,504000,3201680.80970069
342,jennide01,2012,486900,6363604.932626151
343,jeterde01,2012,15729364,6704651.722240075
344,jimenub01,2012,4200000,1924209.6019758733
345,johnsch05,2012,495000,2514801.765583581
346,johnsel02,2012,486100,206884.94147375273
347,johnsji04,2012,2625000,247816.01611713646
348,johnsjo09,2012,13750000,2329196.1014077007
349,johnske05,2012,6375000,4867873.663677199
350,johnsni01,2012,800000,3153349.2775479797
351,johnsre02,2012,1150000,1063442.265156061
352,jonesad01,2012,6150000,4042701.730658994
353,jonesan01,2012,2000000,3784012.117075595
354,jonesch06,2012,14000000,8777277.092206277
355,jonesga02,2012,2250000,5903319.15328104
356,jonesna01,2012,480000,507611.5994871035
357,joycema01,2012,499500,5171506.29380368
358,jurrjja01,2012,5500000,3099782.1668076306
359,kaaihki01,2012,482500,3620843.9216333856
360,kalisry01,2012,483000,2381668.2563837115
361,karstje01,2012,3100000,2939561.2567049866
362,kawasmu01,2012,625000,2561264.8014408797
363,kearnau01,2012,600000,1922326.9206183075
364,kellydo01,2012,900000,2595034.5351800434
365,kempma01,2012,10250000,5832181.86898936
366,kendrho01,2012,4850000,1905247.3574005826
367,kendrky01,2012,3585000,1896408.0711850508
368,kennead01,2012,800000,1915770.064582584
369,kenneia01,2012,519500,2910634.5124225183
370,keppije01,2012,1525000,4724414.186309677
371,kershcl01,2012,7750000,2527496.3744144067
372,kimbrcr01,2012,590000,594210.127277093
373,kinslia01,2012,7200000,6076316.7337420145
374,kintzbr01,2012,481000,2715874.058131826
375,kipnija01,2012,482100,7371547.592610515
376,komater01,2012,480000,3149303.258573247
377,konerpa01,2012,12000000,7796216.490752588
378,kontoge01,2012,481350,1445410.3049016178
379,kotchca01,2012,3000000,8455383.227993568
380,kotsama01,2012,1250000,1339283.9279281467
381,kottage01,2012,700000,3199476.6295045335
382,kubelja01,2012,7500000,6198440.711976213
383,kurodhi01,2012,10000000,1910586.8137583488
384,lahaibr01,2012,482500,1278280.277454743
385,lairdge01,2012,1000000,3438689.5967875547
386,larocad01,2012,8000000,7245160.629759891
387,latosma01,2012,550000,2235546.557039506
388,lawribr01,2012,482500,3200275.038349348
389,leagubr01,2012,5000000,1330297.6134920001
390,leakemi01,2012,507500,2293473.5259613837
391,lecursa01,2012,487500,1200169.314505939
392,leeca01,2012,19000000,5450702.234801749
393,leecl02,2012,21500000,2775776.7584790923
394,lerouch01,2012,486000,2917585.277331433
395,lestejo01,2012,7625000,1945808.0852994756
396,lewisco01,2012,4000000,2702714.6171316523
397,liddial01,2012,481300,1725697.2632493854
398,lidgebr01,2012,1000000,2845771.8498168094
399,lillibr01,2012,500000,1395006.4463840653
400,lillyte01,2012,11666666,3197684.036065727
401,linceti01,2012,18250000,2717441.457372054
402,lindad01,2012,5150000,4654395.751621418
403,lindbjo01,2012,483000,1243699.0857020111
404,liriafr01,2012,5500000,2375763.32261508
405,lobatjo01,2012,481500,2824290.347698208
406,loeka01,2012,2175000,320053.1759100468
407,loganbo02,2012,1875000,-141877.35893781483
408,lohseky01,2012,12187500,3281119.8593545277
409,lombast02,2012,481000,2454598.041688922
410,loneyja01,2012,6375000,4317825.267581312
411,longoev01,2012,4500000,5525740.719386754
412,lopezja02,2012,4250000,291115.28001213074
413,lopezjo01,2012,800000,3362511.2434762944
414,lopezwi01,2012,515500,550910.8633820983
415,lowede01,2012,15000000,2394142.0523904497
416,lowema01,2012,1700000,1763290.2524419457
417,lowrije01,2012,1150000,5885324.009612799
418,lucrojo01,2012,492000,4903716.756934708
419,ludwiry01,2012,2000000,5665260.094789028
420,luebkco01,2012,497800,3210383.7832535813
421,luetglu01,2012,480000,594210.127277093
422,lynnla01,2012,482000,2216050.258237523
423,lyonbr01,2012,5500000,1719990.9885469512
424,macdomi01,2012,650000,3018968.905396788
425,maholpa01,2012,4250000,2826622.8147248547
426,marcush01,2012,7725000,2869242.3215882285
427,markani01,2012,12350000,5965974.455555826
428,marmoca01,2012,7333333,680808.655067082
429,marshse01,2012,2725000,161217.48832714744
430,marsolo01,2012,491700,3208148.0141458088
431,martelu01,2012,480000,2787687.485646449
432,marticr01,2012,491250,1029816.4355830918
433,martijd02,2012,483000,4107352.897857526
434,martimi02,2012,486500,3902635.715575473
435,martiru01,2012,7500000,6248445.287154486
436,masteju01,2012,3825000,1867287.5498633543
437,mathejo02,2012,490000,1611048.9701541406
438,mathije01,2012,1500000,3483337.1269131177
439,matsuda01,2012,10333333,2863170.619448229
440,matthry01,2012,481000,453196.9416039004
441,matusbr01,2012,1450000,1818339.4130173097
442,mauerjo01,2012,23000000,8148868.160184763
443,maybejo02,2012,495000,3809006.940956717
444,maybica01,2012,600000,2892443.4337216737
445,mccanbr01,2012,11500000,9084351.698817426
446,mccleky01,2012,2500000,2618160.136353628
447,mccutan01,2012,708333,3738427.64447831
448,mcdonda02,2012,506500,3416545.467801874
449,mcdonja03,2012,502500,2978862.9817257943
450,mcdonjo03,2012,1500000,3821044.2953140177
451,mcgeeja01,2012,484200,334414.5439071255
452,mcgehca01,2012,2537500,3575269.1343885344
453,mckenmi01,2012,485000,3420653.840087166
454,mclouna01,2012,1750000,2664673.630884867
455,medlekr01,2012,490000,1710361.6834880514
456,meekev01,2012,875000,2802472.585921815
457,melanma01,2012,521000,1546793.932966973
458,mesorde01,2012,480000,3905990.2953352914
459,mileywa01,2012,481000,2865676.3009366426
460,millean01,2012,1040000,1027202.7662270386
461,millwke01,2012,1000000,2093736.9512686946
462,milonto01,2012,480000,2266048.874367887
463,minormi01,2012,482500,2766330.701739595
464,molinjo01,2012,1500000,3633720.335539441
465,molinya01,2012,7000000,6699724.4325353075
466,monteje01,2012,486900,5009653.653355756
467,montemi01,2012,5900000,7484875.712131938
468,moorema02,2012,1100000,2129189.687318626
469,moralfr01,2012,850000,1671042.8517009064
470,moralke01,2012,2975000,5082824.014907313
471,morelbr01,2012,490000,3491640.1915738797
472,morelmi01,2012,491100,4208502.44966917
473,morgany01,2012,2350000,1281202.1864836132
474,morneju01,2012,15000000,7187339.837786005
475,morrilo01,2012,480000,4606315.347041599
476,morsemi01,2012,3500000,4775851.155919486
477,mortoch02,2012,2445000,3043893.835595101
478,moseldu01,2012,2012500,3307278.6523863836
479,motagu01,2012,1000000,2196282.891391891
480,motteja01,2012,1950000,421013.0716971145
481,moyerja01,2012,1100000,3089551.654275716
482,mujiced01,2012,1625000,1546793.932966973
483,murphda07,2012,3625000,3567253.7179137454
484,murphda08,2012,512196,4827196.739324283
485,murphdo01,2012,560000,1938301.962527143
486,myersbr01,2012,12000000,1806589.5163369402
487,nadyxa01,2012,700000,3439176.6633257666
488,napolmi01,2012,9400000,5927796.652411461
489,narvech01,2012,500000,3241748.600514971
490,nathajo01,2012,7000000,464312.33559210924
491,navarya01,2012,483000,2196386.50827708
492,nelsoch01,2012,480000,3585357.608335188
493,nicasju01,2012,480000,2870362.6420725114
494,nickemi01,2012,480880,3543705.7107729902
495,niesejo01,2012,519550,3176626.6964911106
496,nixla01,2012,1150000,1544282.3986205605
497,noesihe01,2012,488000,2271583.6732797804
498,nolasri01,2012,9000000,3042824.3423855584
499,norbejo01,2012,482500,1633392.4607569622
500,norribu01,2012,511000,2985262.8352542417
501,novaiv01,2012,527200,2063035.048610645
502,nunezed02,2012,523800,2418529.689451469
503,odayda01,2012,1350000,334414.5439071255
504,oflaher01,2012,2490000,550910.8633820983
505,ogandal01,2012,497600,761758.3099060212
506,ohmanwi01,2012,2500000,1936487.308021924
507,oliveda02,2012,4000000,637509.3911720873
508,olivomi01,2012,3750000,967828.0240031728
509,ondrulo01,2012,492500,594210.127277093
510,orrpe01,2012,600000,1638402.1710142945
511,ortizda01,2012,14575000,8393247.630218022
512,oteroda01,2012,480000,2791357.191933606
513,outmajo01,2012,482000,2176442.8063484
514,overbly01,2012,1000000,2454199.4052781905
515,owingmi01,2012,500000,3040037.3813153645
516,pachejo01,2012,480000,3374049.6963664503
517,padilvi01,2012,1500000,925819.1381616835
518,paganan01,2012,4850000,2173834.05628055
519,papeljo01,2012,11000058,291115.28001213074
520,parmech01,2012,480000,2661138.369854656
521,parnebo01,2012,504000,146856.12033006875
522,parrage01,2012,502000,1056458.5241521685
523,parrama01,2012,1200000,626393.9971838784
524,parrian01,2012,481000,3094543.1637204895
525,pastoty01,2012,480000,3170119.3182974234
526,paterjo01,2012,487500,3062268.169291782
527,pattotr01,2012,483500,983903.5023320438
528,pauliro01,2012,1000000,3432657.171190424
529,pavanca01,2012,9000000,2863170.619448229
530,peavyja01,2012,17000000,2124169.7214937294
531,pedrodu01,2012,8250000,5550990.726935928
532,pelfrmi01,2012,5687500,3322873.654439842
533,penaca01,2012,7250000,4755464.768099736
534,pencehu01,2012,10400000,6445640.7642914215
535,pennicl01,2012,490000,2682581.502843111
536,peraljh01,2012,5500000,5440241.518603496
537,peraljo01,2012,2175000,-11979.567252831068
538,perezch01,2012,4500000,680808.655067082
539,perezlu01,2012,485700,1806589.5163369402
540,perkigl01,2012,1550000,291115.28001213074
541,pestavi01,2012,491200,291115.28001213074
542,phillbr01,2012,12500000,8695496.530002747
543,pierrju01,2012,800000,2803005.4016749165
544,pierzaj01,2012,6000000,7355097.570591379
545,pillbr01,2012,480000,3481302.4361830656
546,plouftr01,2012,485000,4945098.914721845
547,polanpl01,2012,6416666,4814629.243954495
548,porceri01,2012,3100000,2026123.2374462541
549,poseybu01,2012,615000,7128820.3019685885
550,pradoma01,2012,4750000,4971546.84717787
551,preslal01,2012,484000,268800.1434220541
552,priceda01,2012,4350000,2036888.2775899256
553,pujolal01,2012,12000000,10968560.096955445
554,puntoni01,2012,1500000,2848587.484898841
555,putzjj01,2012,4500000,854005.7106470601
556,quallch01,2012,1150000,1806589.5163369402
557,quentca01,2012,7025000,5497564.984971814
558,raburry01,2012,2100000,2546392.6700471034
559,ramiral03,2012,5000000,4829229.23726206
560,ramirar01,2012,6000000,7935222.727108291
561,ramirha01,2012,15000000,5030931.177518571
562,ramirra02,2012,2650000,810706.4467520658
563,ramoswi01,2012,491250,4128957.4138642
564,rapadcl01,2012,525000,291115.28001213074
565,rasmuco01,2012,2700000,6226990.463939695
566,rauchjo01,2012,3500000,161217.48832714744
567,reckean01,2012,480000,3101977.6019915845
568,reddijo01,2012,485000,7824488.741052676
569,reedad01,2012,480000,637509.3911720873
570,reimono01,2012,490500,3484376.589418025
571,resopch01,2012,850000,738334.0930183767
572,reverbe01,2012,492500,3401100.421439894
573,reyesjo01,2012,10000000,3195735.6331315404
574,reynoma01,2012,7833333,5092440.395654726
575,reynoma02,2012,481000,283037.287658263
576,richacl01,2012,2705000,2641380.5893869707
577,riosal01,2012,12500000,4470833.168862269
578,riverju01,2012,4000000,4178588.754583925
579,riverma01,2012,14940025,2932370.377606799
580,roberbr01,2012,10000000,3281930.867655022
581,roberda08,2012,1600000,507611.5994871035
582,roberry01,2012,2012500,3990861.6610511974
583,robinsh01,2012,480000,2116902.645094891
584,rodnefe01,2012,1750000,31319.696642163675
585,rodrial01,2012,30000000,6558216.198366781
586,rodrife02,2012,492000,254099.39176034695
587,rodrifr03,2012,8000000,-55278.831147825345
588,rodrihe03,2012,491000,1806589.5163369402
589,rodrise01,2012,492800,4198005.775870646
590,rodriwa01,2012,10500000,3486739.493239841
591,roenijo01,2012,481000,678174.0493365056
592,rogeres01,2012,481000,2343579.4527082946
593,rolensc01,2012,8166666,3271090.6191787333
594,rolliji01,2012,11000000,8510470.164821073
595,romerjc01,2012,750000,2845771.8498168094
596,romerri01,2012,5250000,2011784.6923831503
597,romose01,2012,1575000,334414.5439071255
598,rosarwi01,2012,480000,4764284.866635626
599,rossco01,2012,3000000,4966012.339927857
600,rossda01,2012,1625000,2693669.108626509
601,rossro01,2012,480000,906437.8043397083
602,ruizca01,2012,3700000,5965122.854226114
603,runzlda01,2012,483000,3062268.169291782
604,russeja02,2012,512500,16534.596366797574
605,ryanbr01,2012,1750000,1596673.4194850905
606,rzepcma01,2012,504000,291115.28001213074
607,sabatcc01,2012,23000000,2212625.6240922073
608,saitota01,2012,1750000,2629275.5303418366
609,salasfe01,2012,498000,496496.2054988947
610,salech01,2012,500000,2029792.9437334111
611,saltaja01,2012,2500000,4149557.061385994
612,samarje01,2012,2640000,2933753.7328165337
613,sanchan01,2012,8000000,2398153.895932002
614,sanchga01,2012,483000,3946296.9038376184
615,sanchhe01,2012,480000,3155722.5960912257
616,sandopa01,2012,3200000,6871020.0592474155
617,santaca01,2012,501900,6753024.997704821
618,santaer01,2012,11200000,2007562.1557569932
619,santajo01,2012,23145011,2801609.8911013245
620,santihe01,2012,480000,1503494.6690719784
621,santira01,2012,2100000,3559459.349331896
622,saundjo01,2012,6000000,3244277.3839480565
623,saundmi01,2012,489100,3769577.4229379566
624,saverjo01,2012,480000,2516776.5082882727
625,schafjo02,2012,489000,543870.5284436578
626,scherma01,2012,3750000,2011761.869449176
627,schiena01,2012,1300000,812679.7721855692
628,schnebr01,2012,800000,3277371.082577112
629,schumsk01,2012,1500000,2818544.4888093625
630,scottlu01,2012,5000000,4930237.258485741
631,scutama01,2012,6000000,4838606.431318503
632,seageky01,2012,484300,5539338.099410924
633,selleju01,2012,481000,2929575.2560110055
634,shawbr01,2012,483000,550910.8633820983
635,shielja02,2012,8000000,2015450.0783807223
636,shoppke01,2012,1350000,1621760.606757362
637,simonal01,2012,487000,1798087.7917047846
638,sippto01,2012,504900,594210.127277093
639,smithjo05,2012,1750000,204516.75222214172
640,smithse01,2012,2415000,4907996.431122478
641,smoakju01,2012,495100,6911035.878692614
642,snydebr03,2012,481000,2589404.639898541
643,snydech02,2012,750000,4790736.132532824
644,sogarer01,2012,482500,3602052.638362709
645,soriaal01,2012,19000000,6516287.776519809
646,soriara01,2012,11000000,334414.5439071255
647,sotoge01,2012,4300000,4950894.152649223
648,spande01,2012,3000000,3953200.3947865027
649,stammcr01,2012,485000,837849.7259393246
650,stantmi03,2012,480000,5719985.775350174
651,staufti01,2012,3200000,3421884.228525252
652,stewach01,2012,482500,3519860.681924273
653,stewaia01,2012,2237500,2911696.3084813114
654,stewaza01,2012,481500,2542677.0025518476
655,storedr01,2012,498750,1719990.9885469512
656,strasst01,2012,4875000,2687193.041622119
657,streehu01,2012,7500000,1590093.1968619674
658,stroppe01,2012,482500,291115.28001213074
659,stubbdr01,2012,527500,3428318.4907854903
660,suzukic01,2012,18000000,5415975.410605778
661,suzukku01,2012,5037500,3344823.549369762
662,swarzan01,2012,487500,1434294.9109134087
663,sweenry01,2012,1750000,2359242.7373186396
664,swishni01,2012,10250000,6333640.549421525
665,tabatjo01,2012,916666,-1352193.829753765
666,takahhi01,2012,4200000,1503494.6690719784
667,teagata01,2012,489500,3365743.703363375
668,teixema01,2012,23125000,7656213.254931655
669,tejadru01,2012,491209,2656657.9098779634
670,thameer01,2012,485900,2332503.6955598993
671,thatcjo01,2012,700000,940604.2384370491
672,theriry01,2012,1250000,3625760.0565289687
673,tholejo01,2012,498920,4663416.402767468
674,thomacl02,2012,481000,3270498.548932989
675,thomeji01,2012,1250000,3726702.812663364
676,thornma01,2012,5500000,117918.2244321527
677,tomlijo01,2012,494500,2303767.543186566
678,torrean02,2012,2700000,1561210.2187718668
679,torreyo01,2012,3250000,3171513.775617515
680,tracych01,2012,750000,1956450.3653733262
681,treanma01,2012,850000,3307733.688716122
682,trumbma01,2012,500000,4533507.836142706
683,tulowtr01,2012,8250000,5015737.650335491
684,turneju01,2012,491209,1426157.8796998856
685,ueharko01,2012,4000000,1719990.9885469512
686,ugglada01,2012,13146942,7925183.467297261
687,uptonbj01,2012,7000000,3477070.0060574133
688,uptonju01,2012,6958333,5719203.871993654
689,uribeju01,2012,8295910,3046149.11847478
690,utleych01,2012,15285714,7116434.693639946
691,valbulu01,2012,495200,3345127.491701982
692,valdewi01,2012,930000,3424219.9232463357
693,valenda01,2012,515000,3393811.2429481666
694,valvejo01,2012,9000000,247816.01611713646
695,vargaja01,2012,4850000,2088442.9566180357
696,varvaan01,2012,481250,2802472.585921815
697,venabwi01,2012,1475000,621391.6566221598
698,ventejo01,2012,533000,464312.33559210924
699,verasjo01,2012,2000000,204516.75222214172
700,verlaju01,2012,20100000,2083366.7245892708
701,vicieda01,2012,2500000,5492587.772868732
702,victosh01,2012,9500000,4690122.038563222
703,villaca01,2012,2277500,1745705.7333699726
704,vizquom01,2012,750000,2149718.553962239
705,vogelry01,2012,3000000,2535663.9525022907
706,vogtst01,2012,480000,3220880.3106472204
707,volqued01,2012,2237500,2446661.3106057523
708,volstch01,2012,2655000,2656773.0591382636
709,vottojo01,2012,11410655,5012144.156967267
710,wadeco01,2012,508925,1633392.4607569622
711,wainwad01,2012,9000000,2636522.320360382
712,waldejo01,2012,495000,1373596.877386995
713,walkene01,2012,500000,4196046.744986748
714,wangch01,2012,4000000,2894256.4048636192
715,watsoto01,2012,484000,366598.4138139114
716,weaveje02,2012,14200000,2074774.4533322596
717,webbry01,2012,480000,496496.2054988947
718,weeksje01,2012,482500,3222793.836271072
719,weeksri01,2012,11000000,5239378.54681812
720,weilaky01,2012,481500,3359078.4414262157
721,wellsca01,2012,488200,4447968.895925175
722,wellsve01,2012,24187500,5398609.0600485
723,werthja01,2012,13571428,3625775.938719699
724,westbja01,2012,8500000,2401992.324215594
725,wietema01,2012,500000,8724821.895262387
726,wiggity01,2012,4000000,4249884.027984148
727,wilheto01,2012,482900,161217.48832714744
728,willije02,2012,820000,1981228.7783478263
729,willijo03,2012,7000000,8598274.83523058
730,wilsobo02,2012,487500,3809171.7559821233
731,wilsobr01,2012,8500000,3235465.2248717607
732,wilsocj01,2012,10500000,1975134.207132408
733,wilsoja02,2012,1000000,2780236.310293207
734,wolfra02,2012,9500000,2687371.0267666504
735,woodke02,2012,3000000,2877955.7197235953
736,worleva01,2012,495000,2959579.5348047963
737,worthda01,2012,482000,2539608.905340933
738,wrighda03,2012,15250000,5878686.0182770025
739,wrighja01,2012,900000,481711.1052235286
740,wrighwe01,2012,512000,-48571.72322632745
741,youklke01,2012,12250000,3991629.4966467707
742,youngch04,2012,7200000,3246668.3451649025
743,youngde03,2012,6750000,4143830.650759587
744,younger03,2012,481000,1695849.8783533676
745,youngmi02,2012,16174974,7956021.361519865
746,zambrca01,2012,19000000,2460024.552025279
747,zieglbr01,2012,1795000,34803.65348876687
748,zimmejo02,2012,2300000,3057294.945001241
749,zimmery01,2012,12000000,9636067.33125276
750,zitoba01,2012,19000000,3536332.7444490716
751,zobribe01,2012,4687300,4091412.95016975
